location_id,location_name,latitude,longitude
17,"R K Puram, Delhi - DPCC",28.563262,77.186937
50,"Punjabi Bagh, Delhi - DPCC",28.674045,77.131023
235,"Anand Vihar, New Delhi - DPCC",28.646835,77.316032
407,"Zoo Park, Hyderabad - TSPCB",17.349694,78.451437
860,"Sanjay Palace, Agra - UPPCB",27.19865833,78.00598056
2456,"Talkatora District Industries Center, Lucknow - CPCB",26.83399722,80.8917361
2586,"Manali, Chennai - CPCB",13.164544,80.26285
2596,"Solapur, Solapur - MPCB",17.6599188,75.9063906
5404,"Pusa, Delhi - IMD",28.639645,77.146263
5408,"Secretariat, Amaravati - APPCB",16.5150833,80.5181667
5443,"Mahakaleshwar Temple, Ujjain - MPPCB",23.182719,75.768218
5541,"Burari Crossing, New Delhi - IMD",28.7256504,77.2011573
5542,"Civil Line, Jalandhar - PPCB",31.321907,75.578914
5544,"Model Town, Patiala - PPCB",30.349388,76.366642
5548,"BTM Layout, Bengaluru - CPCB",12.9135218,77.5950804
5551,"Golden Temple, Amritsar - PPCB",31.62,74.876512
5559,"Collectorate, Gaya - BSPCB",24.7955,84.9994
5565,"MIDC Khutala, Chandrapur - MPCB",19.9775302,79.2337086
5566,"Talcher Coalfields,Talcher - OSPCB",20.9360711,85.1707021
5569,"Punjab Agricultural University, Ludhiana - PPCB",30.9028,75.8086
5570,"Aya Nagar, New Delhi - IMD",28.474261,77.131606
5574,"City Railway Station, Bengaluru - KSPCB",12.9756843,77.5660749
5576,"Moti Doongri, Alwar - RSPCB",27.554793,76.611536
5585,"Ashok Nagar, Udaipur - RSPCB",24.5886166,73.6321397
5586,"Sirifort, Delhi - CPCB",28.5504249,77.2159377
5587,"Collectorate, Jodhpur - RSPCB",26.268249,73.0193853
5588,"RIICO Ind. Area III, Bhiwadi - RSPCB",28.194909,76.862296
5590,"Ardhali Bazar, Varanasi - UPPCB",25.3505986,82.9083074
5592,"Gangapur Road, Nashik - MPCB",20.0073285,73.7762427
5594,"Muzaffarpur Collectorate, Muzaffarpur - BSPCB",26.1209,85.3647
5598,"Sector - 125, Noida, UP - UPPCB",28.5447608,77.3231257
5599,"Bollaram Industrial Area, Hyderabad - TSPCB",17.540891,78.358528
5602,"Asansol Court Area, Asansol - WBPCB",23.685297,86.945968
5603,"Sector-2 Industrial Area, Pithampur - MPPCB",22.624758,75.675238
5607,"Peenya, Bengaluru - CPCB",13.0270199,77.494094
5608,"GM Office, Brajrajnagar - OSPCB",21.8004996,83.8396977
5609,"Anam Kala Kendram, Rajamahendravaram - APPCB",16.9872867,81.7363176
5610,"North Campus, DU, Delhi - IMD",28.6573814,77.1585447
5612,"Shastri Nagar, Jaipur - RSPCB",26.9502929,75.730943
5613,"ITO, New Delhi - CPCB",28.628624,77.24106
5614,"Padmapukur, Howrah - WBPCB",22.5687319,88.2797276
5619,"Vindhyachal STPS, Singrauli - MPPCB",24.10897,82.64558
5621,"Opp GPO Civil Lines, Nagpur - MPCB",21.152875,79.0517531
5622,"NSIT Dwarka, Delhi - CPCB",28.60909,77.0325413
5623,"Central University, Hyderabad - TSPCB",17.460103,78.334361
5624,"IDA Pashamylaram, Hyderabad - TSPCB",17.5316895,78.218939
5625,"RIMT University, Mandi Gobindgarh - PPCB",30.649961,76.331442
5626,"DTU, New Delhi - CPCB",28.7500499,77.1112615
5627,"CRRI Mathura Road, New Delhi - IMD",28.5512005,77.2735737
5628,"GVM Corporation, Visakhapatnam - APPCB",17.722682,83.308197
5630,"Shadipur, Delhi - CPCB",28.6514781,77.1473105
5631,"Maninagar, Ahmedabad - GPCB",23.002657,72.591912
5632,"Sector-D Industrial Area, Mandideep - MPPCB",23.10844,77.511428
5633,"Police Commissionerate, Jaipur - RSPCB",26.9164092,75.7994901
5634,"Lodhi Road, New Delhi - IMD",28.5918245,77.2273074
5635,"Adarsh Nagar, Jaipur - RSPCB",26.902909,75.836858
5636,"Shrinath Puram, Kota - RSPCB",25.14389,75.821256
5638,"Indira Colony Vistar, Pali - RSPCB",25.771061,73.340227
5642,"More Chowk Waluj, Aurangabad - MPCB",19.8389439,75.244448
5644,"Sanegurava Halli, Bengaluru - KSPCB",12.990328,77.5431385
5645,"ICRISAT Patancheru, Hyderabad - TSPCB",17.5184,78.278777
5646,"Plammoodu, Thiruvananthapuram - Kerala PCB",8.5149093,76.9435879
5647,"Sanathnagar, Hyderabad - TSPCB",17.4559458,78.4332152
5648,"Ward-32 Bapupara, Siliguri - WBPCB",26.6883049,88.412668
5649,"Tirumala, Tirupati - APPCB",13.67,79.35
5650,"IGI Airport (T3), Delhi - IMD",28.5627763,77.1180053
5652,"IGSC Planetarium Complex, Patna - BSPCB",25.5941,85.1376
5659,"Lalbagh, Lucknow - CPCB",26.8458805,80.9365541
5661,"Karve Road Pune, Pune - MPCB",18.5011743,73.8165527
5662,"Nehru Nagar, Kanpur - UPPCB",26.4703136,80.3229863
5665,"Vasundhara, Ghaziabad - UPPCB",28.6603346,77.3572563
5667,"Bhopal Chauraha, Dewas - MPPCB",22.9682591,76.064118
6356,"Pusa, Delhi - DPCC",28.639645,77.146262
6358,"Mandir Marg, New Delhi - DPCC",28.636429,77.201067
6359,"IHBAS, Dilshad Garden,New Delhi - CPCB",28.6811736,77.3025234
6442,"Ratanpura, Rupnagar - Ambuja Cements",31.0325454,76.5623046
6443,"Bandhavgar Colony, Satna - Birla Cement",24.58434363,80.8549414
6923,"New Mandi, Muzaffarnagar - UPPCB",29.4723508,77.7194031
6924,"Indirapuram, Ghaziabad - UPPCB",28.646233,77.358075
6927,"Colaba, Mumbai - MPCB",18.91,72.82
6928,"Vasai West, Mumbai - MPCB",19.3832,72.8204
6929,"Major Dhyan Chand National Stadium, Delhi - DPCC",28.611281,77.237738
6931,"Dwarka-Sector 8, Delhi - DPCC ",28.5710274,77.0719006
6932,"Alipur, Delhi - DPCC",28.815329,77.15301
6933,"Shasthri Nagar, Ratlam - IPCA Lab",23.331731,75.045981
6934,"Dr. Karni Singh Shooting Range, Delhi - DPCC",28.498571,77.26484
6937,"Sector-10, Gandhinagar - GPCB",23.221714,72.654328
6938,"Vivek Vihar, Delhi - DPCC",28.672342,77.31526
6939,"Hardev Nagar, Bathinda - PPCB",30.233011,74.907758
6940,"Kalal Majra, Khanna - PPCB",30.736056,76.209694
6942,"Phase-4 GIDC, Vatva - GPCB",22.969611,72.6435
6943,"Mahape, Navi Mumbai - MPCB",19.1135051,73.008978
6945,"Kurla, Mumbai - MPCB",19.0863,72.8888
6946,"Belur Math, Howrah - WBPCB",22.629801,88.352017
6948,"Chhatrapati Shivaji Intl. Airport (T2), Mumbai - MPCB",19.10078,72.87462
6950,"Jadavpur, Kolkata - WBPCB",22.49929,88.36917
6954,"Chikkaballapur Rural, Chikkaballapur - KSPCB",13.428828,77.731418
6955,"Lal Bahadur Shastri Nagar, Kalaburagi - KSPCB",17.321993,76.822628
6956,"Powai, Mumbai - MPCB",19.1375,72.915056
6957,"Jawaharlal Nehru Stadium, Delhi - DPCC",28.58028,77.233829
6959,"Siddharth Nagar-Worli, Mumbai - IITM",19.000083,72.813993
6960,"Patparganj, Delhi - DPCC",28.623748,77.287205
6961,"Shrivastav Colony, Damoh - MPPCB",23.81748678,79.446246
6962,"GIDC, Ankleshwar - GPCB",21.613267,73.010555
6966,"Udyogamandal, Eloor - Kerala PCB",10.073232,76.302765
6968,"Phase-1 GIDC, Vapi - GPCB",20.362421,72.918013
6973,"Jayanagar 5th Block, Bengaluru - KSPCB",12.920984,77.584908
6974,"Bapuji Nagar, Bengaluru - KSPCB",12.951913,77.539784
6975,"Silk Board, Bengaluru - KSPCB",12.917348,77.622813
6976,"Jai Bhim Nagar, Meerut - UPPCB",28.9535882,77.7622941
6978,"Knowledge Park - III, Greater Noida - UPPCB",28.47272,77.482
6980,"Sector-1, Noida - UPPCB",28.589247,77.321962
6981,"Fort William, Kolkata - WBPCB",22.55664,88.342674
6982,"Deshpande Nagar, Hubballi - KSPCB",15.351773,75.140726
6983,"Hombegowda Nagar, Bengaluru - KSPCB",12.938539,77.5901
6984,"Hebbal, Bengaluru - KSPCB",13.029152,77.585901
6985,"Yamunapuram, Bulandshahr - UPPCB",28.406963,77.849831
6986,"Knowledge Park - V, Greater Noida - UPPCB",28.557054,77.453663
6987,"Vile Parle West, Mumbai - MPCB",19.10861,72.83622
6988,"Sector-116, Noida - UPPCB",28.56923,77.393848
7005,"Loni, Ghaziabad - UPPCB",28.757294,77.278792
7140,"Gomti Nagar, Lucknow - UPPCB",26.86812,81.005119
7289,"Hebbal 1st Stage, Mysuru - KSPCB",12.21041,76.37376
7292,"Chhoti Gwaltoli, Indore - MPPCB",22.431,75.5213
7494,"SFTI Kusdihra, Gaya - BSPCB",24.762518,84.982348
7495,"DRM Office Danapur, Patna - BSPCB",25.586562,85.043586
7720,"Pallavpuram Phase 2, Meerut - UPPCB",29.06351,77.709723
7752,"Khadakpada, Kalyan - MPCB",19.25292,73.142019
7833,"Ganga Nagar, Meerut - UPPCB",28.999264,77.7590354
7880,"Sikulpuikawn, Aizawl - Mizoram PCB",23.7176342,92.7192841
7901,"Corporation Ground, Thrissur- Kerala PCB",10.522198,76.24085
7979,"Deen Dayal Nagar, Sagar - MPPCB",23.8640158,78.80289321
8118,New Delhi,28.63576,77.22445
8153,"Urban, Chamarajanagar - KSPCB",11.55358,76.55521
8190,"Kariavattom, Thiruvananthapuram - Kerala PCB",8.5637,76.8865
8235,"Jahangirpuri, Delhi - DPCC",28.73282,77.170633
8239,"Okhla Phase-2, Delhi - DPCC",28.530785,77.271255
8245,"Gole Bazar, Katni - MPPCB",23.50016,80.23284
8319,"Anand Vihar, Hapur - UPPCB",28.725645,77.749675
8365,"Nehru Nagar, Delhi - DPCC",28.56789,77.250515
8472,"Bawana, Delhi - DPCC",28.7762,77.051074
8475,"Sonia Vihar, Delhi - DPCC",28.710508,77.249485
8558,Chennai,13.08784,80.278475
8914,"SIDCO Kurichi, Coimbatore - TNPCB",10.942451,76.978996
8915,"Wazirpur, Delhi - DPCC",28.699793,77.165453
8917,"Ashok Vihar, Delhi - DPCC",28.695381,77.181665
10484,"Sri Aurobindo Marg, Delhi - DPCC",28.531346,77.190156
10485,"Narela, Delhi - DPCC",28.822836,77.101981
10486,"Mundka, Delhi - DPCC",28.684678,77.076574
10488,"Najafgarh, Delhi - DPCC",28.570173,76.933762
10537,"Vidayagiri, Bagalkot - KSPCB",16.172806,75.659694
10545,"Civil Lines, Ajmer - RSPCB",26.470859,74.646594
10599,"Rajbansi Nagar, Patna - BSPCB",25.599486,85.113666
10630,"Govt. High School Shikarpur, Patna - BSPCB",25.592539,85.227158
10633,"Victoria, Kolkata - WBPCB",22.5448082,88.3403691
10645,"Industrial Area, Hajipur - BSPCB",25.697189,85.2459
10670,"Muradpur, Patna - BSPCB",25.619651,85.147382
10697,"Samanpura, Patna - BSPCB",25.596727,85.085624
10780,"Manali Village, Chennai - TNPCB",13.1662,80.2584
10823,"Buddha Colony, Muzaffarpur - BSPCB",26.11442,85.39813
10831,"Rohini, Delhi - DPCC",28.732528,77.11992
10844,"Ghusuri, Howrah - WBPCB",22.611968,88.347422
10851,"Bidhannagar, Kolkata - WBPCB",22.58157048,88.41002457
10895,"Lumpyngngad, Shillong - Meghalaya PCB",25.5586,91.8985
10900,"Teri Gram, Gurugram - HSPCB",28.4275,77.1465
10901,"PWD Juction, Kohima - NPCB",25.6635413,94.0989878
10902,"Kalyana Nagara, Chikkamagaluru - KSPCB",13.328028,75.797056
10904,"Rabindra Sarobar, Kolkata - WBPCB",22.51106,88.35142
10907,"City Center, Gwalior - MPPCB",26.203442,78.193251
10909,"Vijay Nagar, Ramanagara - KSPCB",12.733409,77.298051
10911,"Marhatal, Jabalpur - MPPCB",23.168606,79.932247
10913,"T T Nagar, Bhopal - MPPCB",23.233584,77.400574
10914,"Sector-25, Chandigarh - CPCC",30.751462,76.762879
10915,"Polayathode, Kollam - Kerala PCB",8.8787,76.6073
10917,"Sahilara, Maihar - KJS Cements",24.2613009,80.7231783
10918,"Ballygunge, Kolkata - WBPCB",22.5367507,88.3638022
10919,"Sanjay Nagar, Ghaziabad - UPPCB",28.685382,77.453839
10921,"NISE Gwal Pahari, Gurugram - IMD",28.422681,77.148944
11577,"Vinoba Nagara, Shivamogga - KSPCB",13.94,75.555917
11578,"Royapuram, Chennai - TNPCB",13.1036,80.2909
11579,"Kodungaiyur, Chennai - TNPCB",13.1278,80.2642
11580,"Meelavittan, Thoothukudi - TNPCB",8.816428,78.099039
11582,"Stuart Hill, Madikeri - KSPCB",12.415911,75.73505
11603,"Chandni Chowk, Delhi - IITM",28.656756,77.227234
11606,"Borivali East, Mumbai - IITM",19.23241,72.86895
11607,"Lodhi Road, Delhi - IITM",28.588333,77.221667
11609,"Mhada Colony, Pune - IITM",18.57304,73.927715
11610,"Transport Nagar-Nigdi, Pune - IITM",18.664282,73.763966
11611,"Malad West, Mumbai - IITM",19.19709,72.82204
11613,"Revenue Colony-Shivajinagar, Pune - IITM",18.530085,73.849598
12024,"Chakala-Andheri East, Mumbai - IITM",19.11074,72.86084
12039,"Khindipada-Bhandup West, Mumbai - IITM",19.164394,72.928297
12040,"Mulund West, Mumbai - MPCB",19.175,72.9419
12041,"Diwator Nagar, Koppal - KSPCB",15.34763,76.181767
12044,"Kandivali East, Mumbai - MPCB",19.2058,72.8682
12046,"Perungudi, Chennai - TNPCB",12.9533,80.2357
42240,"Pan Bazaar, Guwahati - APCB",26.1875,91.744194
44513,"Kadri, Mangalore - KSPCB",12.88925,74.853
44514,"Naubad, Bidar - KSPCB",17.930306,77.482194
44515,"Panchal Nagar, Gadag - KSPCB",15.411456,75.638133
45008,"Anthoni Pillai Nagar, Gummidipoondi - TNPCB",13.4127,80.1081
60657,"Devaraj Urs Badavane, Davanagere - KSPCB",14.4758,75.9052
60658,"Hadapsar, Pune - IITM",18.501793,73.927532
60659,"Jawahar Nagar, Puducherry - PPCC",11.9309,79.8027
220265,"Rajbagh, Srinagar - JKSPCB",34.06621,74.81982
223146,"Naharlagun, Naharlagun - APSPCB",27.103358,93.679645
227384,"Jhunsi, Prayagraj - UPPCB",25.425602,81.917152
227386,"B R Ambedkar University, Lucknow - UPPCB",26.766433,80.927299
227387,"Motilal Nehru NIT, Prayagraj - UPPCB",25.494,81.863
227533,"Rakhial, Ahmedabad - IITM",23.016834,72.625775
227534,"Gyaspur, Ahmedabad - IITM",22.977134,72.553024
227535,"Manoharpur, Agra - UPPCB",27.23711,78.01936
227536,"Chandkheda, Ahmedabad - IITM",23.107969,72.574648
227931,"Sector-3B Avas Vikas Colony, Agra - UPPCB",27.19412,77.96237
228297,"SVPI Airport Hansol, Ahmedabad - IITM",23.076793,72.627874
228298,"Sardar Vallabhbhai Patel Stadium, Ahmedabad - IITM",23.04307,72.562968
228300,"SAC ISRO Satellite, Ahmedabad - IITM",23.023389,72.515201
228301,"IIPHG Lekawada, Gandhinagar - IITM",23.243639,72.68994
228303,"SAC ISRO Bopal, Ahmedabad - IITM",23.041137,72.456691
228352,"Shastripuram, Agra - UPPCB",27.19862,77.92066
228397,"IESD Banaras Hindu University, Varanasi - UPPCB",25.262326,82.995408
228403,"Bhelupur, Varanasi - UPPCB",25.301778,82.996789
228840,"Madan Mohan Malaviya University of Technology, Gorakhpur - UPPCB",26.730136,83.433859
229195,"Maldahiya, Varanasi - UPPCB",25.32393,82.99687
229252,"NSI Kalyanpur, Kanpur - UPPCB",26.509954,80.249612
229404,"Kukrail Picnic Spot-1, Lucknow - UPPCB",26.90723,80.98579
229728,"Kamalnath Nagar, Bettiah - BSPCB",26.80365,84.51954
229729,"Nagla Bhau, Firozabad - UPPCB",27.168897,78.37696
229731,"Gandak Colony, Motihari - BSPCB",26.63086,84.90051
229985,"D M Colony, Bihar Sharif - BSPCB",25.204762,85.51496
229987,"MIT-Daudpur Kothi, Muzaffarpur - BSPCB",26.1403345,85.3650192
233414,"Omex Eternity, Vrindavan - UPPCB",27.571409,77.655757
233415,"Sector 22, Chandigarh - CPCC",30.735567,76.775714
233416,"Nagar Nigam, Prayagraj - UPPCB",25.44919916,81.82735986
233470,Islamabad,33.725614,73.11602
234568,"FTI Kidwai Nagar, Kanpur - UPPCB",26.428282,80.327067
234997,"Dharmapuri, Agra - UPPCB",27.169338,78.03582
236406,"Mangala, Bilaspur - CECB",22.08815,82.13737
270697,"Employment Office, Moradabad - UPPCB",28.88528,78.7388
270703,"Dada Peer, Sasaram - BSPCB",24.952822,84.002396
270704,"Town Hall, Munger - BSPCB",25.376776,86.471523
270708,"Civic Center, Bhilai - Bhilai Steel Plant",21.185571,81.343175
270720,"Mirchaibari, Katihar - BSPCB",25.560083,87.553265
270721,"Mayaganj, Bhagalpur - BSPCB",25.265194,87.012947
270723,"DM Office_Kachari Chowk, Bhagalpur - BSPCB",25.251013,86.989001
270724,"Kareemganj, Gaya - BSPCB",24.792403,84.992416
270725,"Mariam Nagar, Purnia - BSPCB",25.765657,87.466829
270726,"Chitragupta Nagar, Siwan - BSPCB",26.2271665,84.3570427
270727,"SDM Office_Khagra, Kishanganj - BSPCB",26.0881305,87.93840336
270728,"Police Line, Saharsa - BSPCB",25.892357,86.590325
270729,"Darshan Nagar, Chhapra - BSPCB",25.7808257,84.7446768
270730,"Dangi Tola, Rajgir - BSPCB",25.0328,85.41948
270737,"Forest Rest House, Manguraha - BSPCB",27.307773,84.529114
270771,"Buddhi Vihar, Moradabad - UPPCB",28.83526,78.7446
270774,"New DM Office, Arrah - BSPCB",25.5626095,84.663264
270775,"Kharahiya Basti, Araria - BSPCB",26.146529,87.454184
270777,"Jigar Colony, Moradabad - UPPCB",28.856664,78.772638
270877,"Eco Herbal Park, Moradabad - UPPCB",28.840739,78.697531
278159,"Rohta, Agra - UPPCB",27.106972,78.000111
278418,"Sector-53, Chandigarh - CPCC",30.719859,76.738637
278671,"Shivaji Nagar, Jhansi - UPPCB",25.4547,78.6039
301387,"Raikhad, Ahmedabad - IITM",23.020509,72.579261
301388,"Sardar Patel Inter College, Baghpat - UPPCB",28.964949,77.278761
301389,"HIMUDA Complex Phase-1, Baddi - HPPCB",30.943887,76.801991
301390,"Bardowali, Agartala - Tripura SPCB",23.8175497,91.2726974
301391,"DM Office_Kasipur, Samastipur - BSPCB",25.859655,85.77944
301670,"Collector Office, Yadgir - KSPCB",16.7602,77.1428
304956,"Gurdeo Nagar, Aurangabad - BSPCB",24.75746,84.366208
317035,"Doon University, Dehradun - UKPCB",30.269444,78.044167
330021,"Vibhab Nagar, Firozabad - UPPCB",27.1594,78.3953
344103,"ECIL Kapra, Hyderabad - TSPCB",17.470431,78.566959
344104,"Kompally Municipal Office, Hyderabad - TSPCB",17.544899,78.486949
344140,"Somajiguda, Hyderabad - TSPCB",17.417094,78.457437
344144,"IITH Kandi, Hyderabad - TSPCB",17.585705,78.126199
346257,"Ramachandrapuram, Hyderabad - TSPCB",17.528544,78.286195
346258,"Kokapet, Hyderabad - TSPCB",17.393559,78.339194
346438,"Rajendra Nagar, Bareilly - UPPCB",28.38910936,79.42963708
346439,"Kalindi Kunj, Khurja - UPPCB",28.2348927,77.8683002
352465,"New Malakpet, Hyderabad - TSPCB",17.37206,78.50864
352777,"Kashiram Nagar, Moradabad - UPPCB",28.849399,78.742362
353715,"Transport Nagar, Moradabad - UPPCB",28.802625,78.753728
358448,"Kumaran College, Tirupur - TNPCB",11.0973603,77.3228673
358450,"Bombay Castel, Ooty - TNPCB",11.4068288,76.7138973
358452,"Chalai Bazaar, Ramanathapuram - TNPCB",9.36399,78.831977
358453,"Mendonsa Colony, Dindigul - TNPCB",10.358535,77.984321
358456,"Gulzarpet, Anantapur - APPCB",14.675886,77.593027
358457,"PSG College of Arts and Science, Coimbatore - TNPCB",11.0328,77.0349
358467,"Civil Lines, Bareilly - UPPCB",28.359581,79.414455
358627,"Crescent University, Chengalpattu - TNPCB",12.8777316,80.0834807
358665,"Ramteerth Nagar, Belgaum - KSPCB",15.888653,74.541751
361378,"Paryavaran Parisar, Bhopal - MPPCB",23.210494,77.425409
363601,"Girls College, Sivasagar - PCBA",26.987634,94.636574
1236037,Dhopagachi,22.3743,88.415
1894641,Lahore,31.54815,74.34396
2498781,SiriJaya,12.909153635368195,77.52476183092863
2812757,Jaffna,9.66831,80.02299
2860223,GK1 (Oberoi Terrace),28.5500047,77.2431058
3024966,NASA GSFC Rutgers Calib. N8,28.31733,76.91603
3194367,"Dept. of Public Health and Informatics, Jahangirnagar University",23.888280501941725,90.26536993068466
3292849,Farhan Shah Labs,32.424312,74.52885
3409317,"Chauhan Colony, Chandrapur - MPCB",19.9629,79.298714
3409318,"Central School, Lucknow - CPCB",26.8821003,80.9302753
3409319,"Alandur Bus Depot, Chennai - CPCB",12.9099161,80.1076538
3409320,"Rabindra Bharati University, Kolkata - WBPCB",22.627875,88.3804
3409321,Haldia - WBSPCB,22.06047,88.109737
3409322,"Pimpleshwar Mandir, Thane - MPCB",19.192056,72.9585188
3409323,"Worli, Mumbai - MPCB",18.9936162,72.8128113
3409328,"Bandra Kurla Complex, Mumbai - IITM",19.0627,72.84614
3409329,"Deonar, Mumbai - IITM",19.04946,72.923
3409331,"Bhosari, Pune - IITM",18.640051,73.848956
3409336,"GIFT City, Gandhinagar - IITM",23.163798,72.677768
3409339,"Central Jail, Buxar - BSPCB",25.555605,83.950942
3409341,"Manipur University, Imphal - Manipur PCB",24.7524239,93.9286218
3409342,"DM College of Science, Imphal - Manipur PCB",24.8207389,93.9423085
3409343,"Keelapalur, Ariyalur - TNPCB",11.06825,79.07033
3409344,"Municipal Corporation Office, Tirunelveli - TNPCB",8.728442,77.6962
3409345,"Parisutham Nagar, Thanjavur - TNPCB",10.7654824,79.1389968
3409346,"Semmandalam, Cuddalore - TNPCB",11.7637683,79.7499835
3409347,"SIPCOT Phase-1, Hosur - TNPCB",12.746998,77.813811
3409348,"Uchapatti, Madurai - TNPCB",9.865935,78.022669
3409349,"Vasanthapuram, Vellore - TNPCB",12.909494,79.131861
3409350,"Velippalayam, Nagapattinam - TNPCB",10.798548,79.838212
3409351,"VOC Nagar_SIPCOT, Ranipet - TNPCB",12.952707,79.30394
3409353,"Kilambi, Kanchipuram - TNPCB",12.864618,79.659968
3409354,"Kudikadu, Cuddalore - TNPCB",11.6829898,79.7532099
3409355,"Sona College of Technology, Salem - TNPCB",11.679111,78.125052
3409356,"Bharathidasan University, Palkalaiperur - TNPCB",10.681158,78.741746
3409357,"Kamadenu Nagar, Karur - TNPCB",10.96782,78.080882
3409358,"St Joseph College, Tiruchirappalli - TNPCB",10.830158,78.691849
3409359,"Kalabhavan, Dharwad - KSPCB",15.459706,75.008381
3409361,"AIIMS, Raipur - CECB",21.258815,81.578979
3409362,"Siltara Phase-II, Raipur - CECB",21.371751,81.664929
3409363,"Krishak Nagar, Raipur - CECB",21.237755,81.705301
3409364,"Bhatagaon New ISBT, Raipur - CECB",21.219665,81.630094
3409365,"Rampur, Korba - CECB",22.368195,82.746431
3409366,"Urja Nagar, Korba - CECB",22.348441,82.549611
3409367,"Hathkhoj, Bhilai - CECB",21.224231,81.40835
3409368,"32Bungalows, Bhilai - CECB",21.194815,81.31477
3409369,"Maharaj Bada, Gwalior - MPPCB",26.200388,78.147714
3409370,"Civil Lines, Sagar - MPPCB",23.838586,78.759431
3409371,"Science Center, Surat - SMC",21.170046,72.795405
3409372,"Gangineni Cheruvu, Chittoor - APPCB",13.20488,79.097889
3409373,"Vaikuntapuram, Tirupathi - APPCB",13.615387,79.40923
3409374,"Deen Dayal Nagar, Gwalior - MPPCB",26.259242,78.216432
3409375,"Bata Chowk, Nalbari - PCBA",26.446912,91.439057
3409376,"Central Academy for SFS, Byrnihat - PCBA",26.071318,91.87488
3409377,"Meher Colony, Baripada - OSPCB",21.941841,86.728318
3409378,"Jagamohanpur, Keonjhar - OSPCB",21.6439,85.599355
3409379,"Divisional Forest Office, Rairangpur - OSPCB",22.265816,86.174829
3409380,"Tata Township, Bileipada - OSPCB",22.06156703,85.47409613
3409381,"Dabuna, Nayagarh - OSPCB",21.847279,85.416905
3409382,"Raghunathpali, Rourkela - OSPCB",22.220833,84.809444
3409383,"OMC Colony, Suakati - OSPCB",21.606865,85.510538
3409384,"Barsua Iron Ore Mines, Tensa - OSPCB",21.869985,85.167016
3409385,"RVCE-Mailasandra, Bengaluru - KSPCB",12.921418,77.502466
3409386,"Mahatma Basaveswar Colony, Kalaburgi - KSPCB",17.336318,76.847397
3409387,"Lingaraj Nagar, Hubballi - KSPCB",15.3714823,75.1160168
3409388,"Kasturi Nagar, Bengaluru - KSPCB",13.003872,77.664217
3409389,"Thimmalapura, Tumakuru - KSPCB",13.377516,77.099072
3409390,"LGBI Airport, Guwahati - PCBA",26.10887,91.589544
3409391,"Tarapur, Silchar - PCBA",24.82827,92.79525
3409392,"Kanuru, Vijayawada - APPCB",16.486692,80.699436
3409393,"Shivapura_Peenya, Bengaluru - KSPCB",13.0246342,77.5080115
3409394,"Fertilizer Township, Rourkela - OSPCB",22.18972222,84.86277778
3409395,"Sector-2, Rourkela - OSPCB",22.245,84.88111111
3409396,"Nawapara SECL Colony, Chhal - CECB",22.118125,83.140608
3409397,"OP Jindal School, Kunjemura - CECB",22.12665,83.483212
3409398,"Govt. Higher Secondary School, Milupara - CECB",22.1910172,83.5197009
3409399,"OP Jindal Industrial Park, Tumidih - CECB",22.06631475,83.33820077
3409400,"Yerramukkapalli, Kadapa - APPCB",14.465052,78.824187
3409401,"Samrat Ashok Udhyan, Jodhpur - RSPCB",26.253384,72.976571
3409402,"Krishna Nagar, Bharatpur - RSPCB",27.215415,77.50873
3409404,"Subash Chowk, Churu - RSPCB",28.296139,74.961696
3409405,"Raja Ganj, Dholpur - RSPCB",26.699557,77.898881
3409406,"Nayapura, Kota - RSPCB",25.196024,75.855668
3409407,"Shastri Nagar, Tonk - RSPCB",26.159933,75.780517
3409408,"Shivaji Nagar, Rishikesh - UKPCB",30.075911,78.2859547
3409409,"Govt. Girls Inter College, Kashipur - UKPCB",29.2124114,78.9611753
3409410,"Vedhaynath Colony, Sirohi - RSPCB",24.885261,72.857549
3409411,"Christianpatty, Nagaon - PCBA",26.349082,92.68449
3409412,"Dhanmandi, Kota - RSPCB",25.16409,75.858137
3409413,"Idgah Hills, Bhopal - MPPCB",23.264759,77.381568
3409414,"Vijay Nagar Scheme-78, Indore - Glenmark",22.76726,75.8871
3409415,"Sardar Patel Nagar, Dhanbad - JSPCB",23.80569,86.44268
3409416,"Rati Talai, Banswara - RSPCB",23.55519,74.44001
3409417,"Shastri Nagar, Chittorgarh - RSPCB",24.892047,74.623527
3409418,"Khatikan Mohalla, Dausa - RSPCB",26.895552,76.334753
3409419,"Railway Colony, Barmer - RSPCB",25.747299,71.393989
3409420,"Housing Board, Hanumangarh - RSPCB",29.61075,74.283608
3409421,"Sahu Nagar, Sawai Madhopur - RSPCB",26.031443,76.359327
3409422,"Indra Nagar, Jhunjhunu - RSPCB",28.108988,75.386577
3409423,"Dhoinda, Rajsamand - RSPCB",25.03636,73.883502
3409424,"Old City, Sri Ganganagar - RSPCB",29.931624,73.864511
3409425,"Jhalamand, Jodhpur - RSPCB",26.215415,73.070156
3409426,"Pragati Nagar, Pratapgarh - RSPCB",24.041198,74.780702
3409427,"Radhakishan Pura, Sikar - RSPCB",27.608912,75.153302
3409428,"Satyawati Vihar, Karauli - RSPCB",26.506177,77.025989
3409429,"Rajlaxmi Nagar, Jhalawar - RSPCB",24.588397,76.172782
3409430,"Mansarovar Sector-12, Jaipur - RSPCB",26.843698,75.766894
3409431,"Digari Kalan, Jodhpur - RSPCB",26.29581,73.082283
3409432,"Sector-2 Murlipura, Jaipur - RSPCB",26.960669,75.771817
3409433,"RIICO Sitapura, Jaipur - RSPCB",26.786682,75.827928
3409435,"Gavalinagar, Pimpri Chinchwad - MPCB",18.63673,73.82487
3409436,"Park Street Wakad, Pimpri Chinchwad - MPCB",18.59051,73.77946
3409437,"Thergaon, Pimpri Chinchwad - MPCB",18.616318,73.765797
3409438,"Katraj Dairy, Pune - MPCB",18.45445,73.854155
3409439,"Savitribai Phule Pune University, Pune - MPCB",18.547056,73.826908
3409440,"Shivaji University, Kolhapur - MPCB",16.6870449,74.2505872
3409441,"Sinchan Bhavan, Kolhapur - MPCB",16.7143745,74.2426398
3409442,"Pratap Nagar, Bhilwara - RSPCB",25.339605,74.618883
3409443,"New Colony, Bundi - RSPCB",25.435774,75.644272
3409444,"Sadar Bazar, Jaisalmer - RSPCB",26.912329,70.909168
3409445,"Mandor, Jodhpur - RSPCB",26.358805,73.047444
3409446,"Vijay Nagar, Sangli - MPCB",16.843813,74.615091
3409447,"Bamboliya, Baran - RSPCB",25.106006,76.469948
3409448,"Ratandeep Housing Society, Solapur - MPCB",17.65439,75.90649
3409449,"Dnyaneshwar Nagar, Solapur - MPCB",17.6336264,75.9132495
3409450,"Karni Colony, Nagaur - RSPCB",27.213494,73.734444
3409451,"Pandav Nagari, Nashik - MPCB",19.9591346,73.7788008
3409452,"Sawe Wadi, Latur - MPCB",18.39963,76.57452
3409453,"MIDC Ambad, Nashik - MPCB",19.95022,73.73148
3409455,"Kamble Tarf Birwadi, Mahad - MPCB",18.1023399,73.4783687
3409456,"Ramdaspeth, Akola - MPCB",20.719516,77.000253
3409458,"Shivneri Colony, Amravati - MPCB",20.9402359,77.7895248
3409459,"Shri Shivaji Science College, Amaravati - MPCB",20.939198,77.765701
3409460,"MIDC Chilkalthana, Aurangabad - MPCB",19.87562,75.38731
3409461,"Rachnakar Colony, Aurangabad - MPCB",19.863756,75.321188
3409462,"Prabhat Colony, Jalgaon - MPCB",21.001264,75.565602
3409463,"Old MIDC, Jalna - MPCB",19.854616,75.905894
3409464,"Ambazari, Nagpur - MPCB",21.121801,79.04952
3409465,"Ram Nagar, Nagpur - MPCB",21.143383,79.048912
3409466,"Masoom Colony, Parbhani - MPCB",19.265594,76.761463
3409467,"Sneh Nagar, Nanded - MPCB",19.173852,77.296291
3409468,"Mahal, Nagpur - MPCB",21.14472,79.107595
3409469,"Kasarvadavali, Thane - MPCB",19.26777,72.97182
3409470,"Katrap, Badlapur - MPCB",19.16485,73.23409
3409471,"Sector-2E Kalamboli, Navi Mumbai - MPCB",19.02579,73.10297
3409472,"Upvan Fort, Thane - MPCB",19.222279,72.957979
3409473,"Deopur, Dhule - MPCB",20.918946,74.776388
3409474,"Mahesh Nagar, Malegaon - MPCB",20.555712,74.529236
3409475,"Tondare-Taloja, Navi Mumbai - MPCB",19.063,73.1209
3409476,"CBD Belapur, Belapur - MPCB",19.0243902,73.0406721
3409477,"Kopripada-Vashi, Navi Mumbai - MPCB",19.090337,73.014232
3409478,"Bhayandar West, Mira-Bhayandar - MPCB",19.296481,72.840923
3409479,"Mindspace-Malad West, Mumbai - MPCB",19.1878657,72.8304069
3409480,"Bolinj, Virar - MPCB",19.445821,72.7988231
3409481,"Khaira, Boisar - MPCB",19.786089,72.757971
3409482,"Bandra Kurla Complex, Mumbai - MPCB",19.065931,72.862131
3409483,"Chembur, Mumbai - MPCB",19.0364585,72.8954371
3409484,"Sidhi Vinayak Nagar, Ulhasnagar - MPCB",19.235581,73.159121
3409485,"Gokul Nagar, Bhiwandi - MPCB",19.309073,73.057223
3409486,"Kherwadi_Bandra East, Mumbai - MPCB",19.0632143,72.8456324
3409487,"Sanpada, Navi Mumbai - MPCB",19.0575752,73.0151367
3409488,"Suhagi, Jabalpur - JMC",23.218135,79.95777
3409489,"Gupteshwar, Jabalpur - JMC",23.142888,79.916147
3409492,"HB Colony, Vijayawada - APPCB",16.536107,80.594233
3409493,"Rajiv Gandhi Park, Vijayawada - APPCB",16.509717,80.612222
3409494,"Bhoiwada, Dungarpur - RSPCB",23.837789,73.714926
3409495,"Mudtra Sili, Jalore - RSPCB",25.344694,72.626208
3409498,"Residency Area, Indore - IMC",22.7084,75.8815
3409499,"Regional Park, Indore - MPPCB",22.678,75.8559
3409501,"Airport Area, Indore - IMC",22.7289,75.8076
3409502,"Kalidaspur, Balasore - OSPCB",21.51161,86.89088
3409503,"Forest Office, Barbil - OSPCB",22.1166054,85.3945546
3409504,"Hakimapada, Angul - OSPCB",20.832874,85.104082
3409505,"Lingraj Mandir, Bhubaneswar - OSPCB",20.24079,85.836784
3409506,"CDA Area, Cuttack - OSPCB",20.48891,85.84768
3409507,"Ferro Chrome Colony, Byasanagar - OSPCB",20.94185,86.1151
3409508,"Patia, Bhubaneswar - OSPCB",20.34652,85.8163
3409509,"SVSPA Campus, Barrackpore - WBPCB",22.7605581,88.3617589
3409510,"Byculla, Mumbai - BMC",18.9767,72.838
3409511,"Shivaji Nagar, Mumbai - BMC",19.060498,72.923356
3409512,"Kandivali West, Mumbai - BMC",19.215859,72.831718
3409513,"Sewri, Mumbai - BMC",19.000084,72.85673
3409514,"Ghatkopar, Mumbai - BMC",19.083694,72.920967
3409515,"Govindh Bhavan Colony, Jabalpur - MPPCB",23.163174,79.973061
3409516,"SIPCOT Nathampannai, Pudukottai - TNPCB",10.423417,78.784889
3409518,"Rajiv Nagar, Vijayawada - APPCB",16.554731,80.64911
3409519,"Vasundhara Nagar_UIT, Bhiwadi - RSPCB",28.207266,76.829265
3409520,"PCBL Residential Complex, Durgapur - WBPCB",23.508764,87.35444
3409521,"Evelyn Lodge, Asansol - WBPCB",23.697936,86.944395
3409522,"Mahabir Colliery, Asansol - WBPCB",23.618183,87.105718
3409523,"Bhumkar Nagar, Pune - IITM",18.60577,73.749976
3409524,"Botanical Garden, Howrah - WBPCB",22.554954,88.292568
3409525,"Trivenidevi Bhalotia College, Asansol - WBPCB",23.616515,87.119133
3409527,"SIPCOT Industrial Park, Perundurai - TNPCB",11.258242,77.552761
3409528,"Savta Mali Nagar, Pimpri-Chinchwad - IITM",18.614767,73.799516
3409529,"Mahishkapur Road_B-Zone, Durgapur - WBPCB",23.567923,87.306843
3409530,"Dasnagar, Howrah - WBPCB",22.6025571,88.3105664
